<?xml version="1.0" encoding="UTF-8"?>
<project-private xmlns="http://www.netbeans.org/ns/project-private/1">
    <editor-bookmarks xmlns="http://www.netbeans.org/ns/editor-bookmarks/2" lastBookmarkId="0"/>
    <open-files xmlns="http://www.netbeans.org/ns/projectui-open-files/2">
        <group>
            <file>file:/C:/Users/Felhasználó/Documents/NetBeansProjects/UrbanTycoon/src/UrbanTycoon/Resident.java</file>
            <file>file:/C:/Users/Felhasználó/Documents/NetBeansProjects/UrbanTycoon/src/UrbanTycoon/FireStation.java</file>
            <file>file:/C:/Users/Felhasználó/Documents/NetBeansProjects/UrbanTycoon/src/UrbanTycoon/Stadium.java</file>
            <file>file:/C:/Users/Felhasználó/Documents/NetBeansProjects/UrbanTycoon/src/UrbanTycoon/UrbanTycoon.java</file>
            <file>file:/C:/Users/Felhasználó/Documents/NetBeansProjects/UrbanTycoon/src/UrbanTycoon/ServiceZone.java</file>
            <file>file:/C:/Users/Felhasználó/Documents/NetBeansProjects/UrbanTycoon/src/UrbanTycoon/Buildable.java</file>
            <file>file:/C:/Users/Felhasználó/Documents/NetBeansProjects/UrbanTycoon/src/UrbanTycoon/PlayerBuildIt.java</file>
            <file>file:/C:/Users/Felhasználó/Documents/NetBeansProjects/UrbanTycoon/src/UrbanTycoon/Zone.java</file>
            <file>file:/C:/Users/Felhasználó/Documents/NetBeansProjects/UrbanTycoon/src/UrbanTycoon/City.java</file>
            <file>file:/C:/Users/Felhasználó/Documents/NetBeansProjects/UrbanTycoon/src/UrbanTycoon/Workplace.java</file>
            <file>file:/C:/Users/Felhasználó/Documents/NetBeansProjects/UrbanTycoon/src/UrbanTycoon/FireEngine.java</file>
            <file>file:/C:/Users/Felhasználó/Documents/NetBeansProjects/UrbanTycoon/src/UrbanTycoon/IndustrialZone.java</file>
            <file>file:/C:/Users/Felhasználó/Documents/NetBeansProjects/UrbanTycoon/src/UrbanTycoon/GameEngine.java</file>
            <file>file:/C:/Users/Felhasználó/Documents/NetBeansProjects/UrbanTycoon/src/UrbanTycoon/Forest.java</file>
            <file>file:/C:/Users/Felhasználó/Documents/NetBeansProjects/UrbanTycoon/src/UrbanTycoon/Date.java</file>
            <file>file:/C:/Users/Felhasználó/Documents/NetBeansProjects/UrbanTycoon/src/UrbanTycoon/Road.java</file>
            <file>file:/C:/Users/Felhasználó/Documents/NetBeansProjects/UrbanTycoon/src/UrbanTycoon/PoliceStation.java</file>
            <file>file:/C:/Users/Felhasználó/Documents/NetBeansProjects/UrbanTycoon/src/UrbanTycoon/ResidentialZone.java</file>
            <file>file:/C:/Users/Felhasználó/Documents/NetBeansProjects/UrbanTycoon/src/UrbanTycoon/ServiceBuilding.java</file>
        </group>
    </open-files>
</project-private>
